Sample_Size,Evaluation_Time
10000.0,17.899713353
10000.0,18.037778954
10000.0,20.888431564
10000.0,17.29903954
10000.0,23.17425412
10000.0,21.756118139
10000.0,25.525700573
10000.0,17.088427005
10000.0,26.848994136
10000.0,18.395875339
