Sample_Size,Evaluation_Time
1000000.0,1746.602173135
1000000.0,1838.430907727
1000000.0,1838.430907727
1000000.0,1838.430907727
1000000.0,1838.430907727
1000000.0,1838.430907727
1000000.0,1838.430907727
1000000.0,1838.430907727
1000000.0,2223.909486651
1000000.0,2223.909486651
