Sample_Size,Evaluation_Time
100000.0,371.900966415
100000.0,371.900966415
100000.0,445.305211373
100000.0,445.305211373
100000.0,445.305211373
100000.0,445.305211373
100000.0,445.305211373
100000.0,445.305211373
100000.0,445.305211373
100000.0,445.305211373
