Sample_Size,Evaluation_Time
10000.0,58.585649756
10000.0,82.456970633
10000.0,79.887417293
10000.0,107.30540369
10000.0,42.712775339
10000.0,70.725933105
10000.0,91.049129951
10000.0,62.833084154
10000.0,84.968621847
10000.0,135.647748842
