Sample_Size,Evaluation_Time
1000000.0,433.698460308
1000000.0,448.993448978
1000000.0,448.993448978
1000000.0,526.480528383
1000000.0,448.100491485
1000000.0,448.100491485
1000000.0,454.505522408
1000000.0,460.30730199
1000000.0,460.30730199
1000000.0,463.451164539
