Sample_Size,Evaluation_Time
100000.0,161.398181067
100000.0,162.290615855
100000.0,167.644359358
100000.0,212.855222358
100000.0,218.520463326
100000.0,163.32198377
100000.0,152.566121129
100000.0,167.152867579
100000.0,181.323006685
100000.0,208.442824887
