Sample_Size,Evaluation_Time
10000.0,61.164176327
10000.0,105.916328102
10000.0,83.068611572
10000.0,106.323913016
10000.0,53.31515595
10000.0,70.812260644
10000.0,86.509339692
10000.0,59.651444445
10000.0,87.568045499
10000.0,118.584608288
