Sample_Size,Evaluation_Time
10000.0,148.288479354
10000.0,121.403105117
10000.0,121.403105117
10000.0,121.403105117
10000.0,121.403105117
10000.0,121.403105117
10000.0,121.403105117
10000.0,121.403105117
10000.0,121.403105117
10000.0,2275.568463316
