Sample_Size,Evaluation_Time
100000.0,172.045509785
100000.0,201.472962523
100000.0,221.284373693
100000.0,219.846342039
100000.0,190.827338604
100000.0,212.722779123
100000.0,215.331025451
100000.0,167.949201068
100000.0,190.518402013
100000.0,211.276056946
