Sample_Size,Evaluation_Time
10000.0,146.106144537
10000.0,114.590007778
10000.0,114.590007778
10000.0,114.590007778
10000.0,114.590007778
10000.0,114.590007778
10000.0,114.590007778
10000.0,114.590007778
10000.0,114.590007778
10000.0,2315.033762504
