Sample_Size,Evaluation_Time
1000000.0,540.032955622
1000000.0,545.785410707
1000000.0,545.785410707
1000000.0,545.777217609
1000000.0,545.777217609
1000000.0,548.275418832
1000000.0,548.275418832
1000000.0,558.220924873
1000000.0,558.220924873
1000000.0,565.74703759
