Sample_Size,Evaluation_Time
100000.0,735.477581016
100000.0,751.72926219
100000.0,751.72926219
100000.0,771.864303681
100000.0,771.864303681
100000.0,771.864303681
100000.0,798.304082239
100000.0,798.304082239
100000.0,798.304082239
100000.0,818.70266072
