Sample_Size,Evaluation_Time
1000000.0,1442.556278628
1000000.0,1442.556278628
1000000.0,1488.137139978
1000000.0,1488.137139978
1000000.0,1488.137139978
1000000.0,1488.137139978
1000000.0,1488.137139978
1000000.0,1488.137139978
1000000.0,1488.137139978
1000000.0,1488.137139978
