Sample_Size,Evaluation_Time
1000000.0,1824.555738756
1000000.0,1824.555738756
1000000.0,1407.270999668
1000000.0,1407.270999668
1000000.0,1407.270999668
1000000.0,1407.270999668
1000000.0,1423.0673232
1000000.0,1423.0673232
1000000.0,1423.0673232
1000000.0,1423.0673232
