Sample_Size,Quantile,Sum,Average
10.0,,0.000312133,
10.0,,0.000419704,
10.0,,0.00035193,
10.0,,0.000362245,
10.0,,0.000356165,
10.0,,0.000354319,
10.0,,0.000436347,
10.0,,0.000365904,
10.0,,0.00039007,
10.0,,0.000336904,
