Sample_Size,Evaluation_Time
100000.0,190.685149344
100000.0,190.685149344
100000.0,175.245402958
100000.0,181.721053959
100000.0,178.798490623
100000.0,177.248259121
100000.0,180.221253876
100000.0,180.322948541
100000.0,182.648022138
100000.0,182.668776853
