Sample_Size,Evaluation_Time
10000.0,23.167010937
10000.0,31.560124226
10000.0,24.981101469
10000.0,20.950885064
10000.0,26.745611942
10000.0,24.324074587
10000.0,28.035610895
10000.0,21.000174032
10000.0,30.183685804
10000.0,21.660501692
