Sample_Size,Evaluation_Time
100000.0,196.974218621
100000.0,229.259124502
100000.0,236.996914419
100000.0,255.611319511
100000.0,260.811952092
100000.0,212.073964946
100000.0,241.708814438
100000.0,224.219174922
100000.0,222.722232295
100000.0,253.338733167
