Sample_Size,Evaluation_Time
10000.0,0.050141191
10000.0,0.067752435
10000.0,0.073380393
10000.0,0.072744239
10000.0,0.076655826
10000.0,0.085393803
10000.0,0.08974858
10000.0,0.085838643
10000.0,0.099266707
10000.0,0.097306868
