Sample_Size,Evaluation_Time
1000000.0,1734.738076166
1000000.0,1734.738076166
1000000.0,1734.738076166
1000000.0,1734.738076166
1000000.0,1718.445494391
1000000.0,1718.445494391
1000000.0,1718.445494391
1000000.0,1718.445494391
1000000.0,1718.445494391
1000000.0,1718.445494391
