Sample_Size,Evaluation_Time
100000.0,158.820698375
100000.0,158.820698375
100000.0,146.139305224
100000.0,150.192222136
100000.0,146.724050842
100000.0,148.281338351
100000.0,149.34277562
100000.0,149.298094303
100000.0,148.596227193
100000.0,148.582280616
