Sample_Size,Evaluation_Time
1000.0,37.080898307
1000.0,23.426161623
1000.0,29.884810744
1000.0,46.169981524
1000.0,25.83308507
1000.0,36.076948932
1000.0,23.676127985
1000.0,27.68327242
1000.0,42.260902059
1000.0,24.681375212
