Evaluation_Time,Evaluation_Time
mean,std
1887.2506954402002,148.9365835944837
