Evaluation_Time,Evaluation_Time
mean,std
550.1897937254,7.882863480837958
