Evaluation_Time,Evaluation_Time
mean,std
81.617273461,26.243610816939192
