Evaluation_Time,Evaluation_Time
mean,std
0.0299683056,0.003276669097713042
