Evaluation_Time,Evaluation_Time
mean,std
31.677356387600003,8.198708296744146
