Evaluation_Time,Evaluation_Time
mean,std
776.8143923876,26.206057307969377
