Evaluation_Time,Evaluation_Time
mean,std
20.6914332723,3.5467922072081204
