Evaluation_Time,Evaluation_Time
mean,std
1906.3437500526002,169.8032994666616
