Evaluation_Time,Evaluation_Time
mean,std
401.1761902136,24.179130953329604
