Evaluation_Time,Evaluation_Time
mean,std
459.29381605440005,25.10913581616092
