Evaluation_Time,Evaluation_Time
mean,std
233.3716448913,20.334326492573922
