Evaluation_Time,Evaluation_Time
mean,std
338.72201248680005,692.8510405735217
