Evaluation_Time,Evaluation_Time
mean,std
0.44764044309999995,0.018473906313324986
