Evaluation_Time,Evaluation_Time
mean,std
253.4875191569,4.979843271691129
