Evaluation_Time,Evaluation_Time
mean,std
0.0798228685,0.014824295693985898
