Evaluation_Time,Evaluation_Time
mean,std
1497.0464768984,172.77308148761355
