Evaluation_Time,Evaluation_Time
mean,std
200.3273991245,19.30689035216081
