Evaluation_Time,Evaluation_Time
mean,std
1459.279692266,1.5775475019697942
