Evaluation_Time,Evaluation_Time
mean,std
0.8784989142,0.07133206534716548
