Evaluation_Time,Evaluation_Time
mean,std
25.2608780648,3.783746218262649
