Evaluation_Time,Evaluation_Time
mean,std
337.78599692650005,694.8046479142414
