Evaluation_Time,Evaluation_Time
mean,std
150.47976910350002,4.556318345743877
