Evaluation_Time,Evaluation_Time
mean,std
182.0244506757,5.123284430537965
