Evaluation_Time,Evaluation_Time
mean,std
396.00157742759995,35.89681904528628
