Evaluation_Time,Evaluation_Time
mean,std
339.50817836059997,680.3147134530645
