Evaluation_Time,Evaluation_Time
mean,std
430.6243623814,30.94994719896141
