Evaluation_Time,Evaluation_Time
mean,std
0.08568631439999999,0.01459554233696367
