Evaluation_Time,Evaluation_Time
mean,std
49.2166105119,28.689683025838715
