Evaluation_Time,Evaluation_Time
mean,std
1724.9625271010002,8.413453050839568
