Evaluation_Time,Evaluation_Time
mean,std
83.2913883535,22.159659791085257
