Evaluation_Time,Evaluation_Time
mean,std
385.4710638686,1.4751921451586416
