Evaluation_Time,Evaluation_Time
mean,std
179.5515646014,24.449857938742817
